Id,Label,Type
1 Kor 10,1 Kor 10,Bibelstelle
1 Kor 3,1 Kor 3,Bibelstelle
1 Kön 13,1 Kön 13,Bibelstelle
1 Kön 19,1 Kön 19,Bibelstelle
1 Kön 22,1 Kön 22,Bibelstelle
1 Petr 5,1 Petr 5,Bibelstelle
1 Sam 12,1 Sam 12,Bibelstelle
1 Sam 2,1 Sam 2,Bibelstelle
1 Sam 28,1 Sam 28,Bibelstelle
1 Sam 3,1 Sam 3,Bibelstelle
1 Sam 4,1 Sam 4,Bibelstelle
1 Sam 6,1 Sam 6,Bibelstelle
1 Sam 7,1 Sam 7,Bibelstelle
1 Tim 2,1 Tim 2,Bibelstelle
1. Kor 3,1. Kor 3,Bibelstelle
1. Kön 18,1. Kön 18,Bibelstelle
1. Tim 4,1. Tim 4,Bibelstelle
1556_Rörer,1556_Rörer,Predigt
1562_Alber,1562_Alber,Predigt
1571_Lavater,1571_Lavater,Predigt
1599_Fabricius,1599_Fabricius,Predigt
1616_Titius,1616_Titius,Predigt
1639_Reinhold,1639_Reinhold,Predigt
1658_Tappe,1658_Tappe,Predigt
2 Kor 9,2 Kor 9,Bibelstelle
2 Kön 21,2 Kön 21,Bibelstelle
2 Petr 3,2 Petr 3,Bibelstelle
2 Sam 1,2 Sam 1,Bibelstelle
2 Sam 18,2 Sam 18,Bibelstelle
2 Sam 22,2 Sam 22,Bibelstelle
2 Sam 24,2 Sam 24,Bibelstelle
2 Sam 7,2 Sam 7,Bibelstelle
2. Chr 6,2. Chr 6,Bibelstelle
2. Kön 18,2. Kön 18,Bibelstelle
2. Kön 6,2. Kön 6,Bibelstelle
2. Kön 8,2. Kön 8,Bibelstelle
Am 3,Am 3,Bibelstelle
Am 4,Am 4,Bibelstelle
Am 9,Am 9,Bibelstelle
Amos 4,Amos 4,Bibelstelle
Apg 11,Apg 11,Bibelstelle
Apg 4,Apg 4,Bibelstelle
Asche,Asche,Wetter
Blitz,Blitz,Wetter
Blitze,Blitze,Wetter
Donner,Donner,Wetter
Dtn 11,Dtn 11,Bibelstelle
Dtn 18,Dtn 18,Bibelstelle
Dtn 28,Dtn 28,Bibelstelle
Dtn 32,Dtn 32,Bibelstelle
Dtn 8,Dtn 8,Bibelstelle
Dürre,Dürre,Wetter
Eph 2,Eph 2,Bibelstelle
Eph 4,Eph 4,Bibelstelle
Eph 5,Eph 5,Bibelstelle
Eph 6,Eph 6,Bibelstelle
Erdbeben,Erdbeben,Wetter
Ex 10,Ex 10,Bibelstelle
Ex 20,Ex 20,Bibelstelle
Ex 22,Ex 22,Bibelstelle
Ex 8,Ex 8,Bibelstelle
Ex 9,Ex 9,Bibelstelle
Ez 13,Ez 13,Bibelstelle
Ez 16,Ez 16,Bibelstelle
Ez 33,Ez 33,Bibelstelle
Ez 5,Ez 5,Bibelstelle
Feuer,Feuer,Wetter
Flusswasser,Flusswasser,Wetter
Flut,Flut,Wetter
Frost,Frost,Wetter
Gen 1,Gen 1,Bibelstelle
Gen 11,Gen 11,Bibelstelle
Gen 19,Gen 19,Bibelstelle
Gen 35,Gen 35,Bibelstelle
Gen 41,Gen 41,Bibelstelle
Gen 47,Gen 47,Bibelstelle
Hab 2,Hab 2,Bibelstelle
Hab 3,Hab 3,Bibelstelle
Hag 1,Hag 1,Bibelstelle
Hag 2,Hag 2,Bibelstelle
Hagel,Hagel,Wetter
Hagelsturm,Hagelsturm,Wetter
Hebr 1,Hebr 1,Bibelstelle
Hebr 9,Hebr 9,Bibelstelle
Hes 14,Hes 14,Bibelstelle
Hes 36,Hes 36,Bibelstelle
Hes 4,Hes 4,Bibelstelle
Hes 5,Hes 5,Bibelstelle
Hes 7,Hes 7,Bibelstelle
Hiob 1,Hiob 1,Bibelstelle
Hiob 14,Hiob 14,Bibelstelle
Hiob 26,Hiob 26,Bibelstelle
Hiob 36,Hiob 36,Bibelstelle
Hiob 37,Hiob 37,Bibelstelle
Hiob 38,Hiob 38,Bibelstelle
Hiob 40,Hiob 40,Bibelstelle
Hitze,Hitze,Wetter
Hos 4,Hos 4,Bibelstelle
Jak 4,Jak 4,Bibelstelle
Jak 5,Jak 5,Bibelstelle
Jer 10,Jer 10,Bibelstelle
Jer 11,Jer 11,Bibelstelle
Jer 14,Jer 14,Bibelstelle
Jer 17,Jer 17,Bibelstelle
Jer 18,Jer 18,Bibelstelle
Jer 2,Jer 2,Bibelstelle
Jer 25,Jer 25,Bibelstelle
Jer 30,Jer 30,Bibelstelle
Jer 42,Jer 42,Bibelstelle
Jer 5,Jer 5,Bibelstelle
Jer 51,Jer 51,Bibelstelle
Jer 8,Jer 8,Bibelstelle
Jes 1,Jes 1,Bibelstelle
Jes 14,Jes 14,Bibelstelle
Jes 24,Jes 24,Bibelstelle
Jes 26,Jes 26,Bibelstelle
Jes 28,Jes 28,Bibelstelle
Jes 29,Jes 29,Bibelstelle
Jes 3,Jes 3,Bibelstelle
Jes 30,Jes 30,Bibelstelle
Jes 38,Jes 38,Bibelstelle
Jes 44,Jes 44,Bibelstelle
Jes 45,Jes 45,Bibelstelle
Jes 5,Jes 5,Bibelstelle
Jes 50,Jes 50,Bibelstelle
Jes 51,Jes 51,Bibelstelle
Jes 55,Jes 55,Bibelstelle
Jes 57,Jes 57,Bibelstelle
Jes 63,Jes 63,Bibelstelle
Jes 8,Jes 8,Bibelstelle
Joel 1,Joel 1,Bibelstelle
Joel 2,Joel 2,Bibelstelle
Joh 1,Joh 1,Bibelstelle
Joh 10,Joh 10,Bibelstelle
Joh 16,Joh 16,Bibelstelle
Joh 17,Joh 17,Bibelstelle
Joh 5,Joh 5,Bibelstelle
Joh 8,Joh 8,Bibelstelle
Joh 9,Joh 9,Bibelstelle
Jos 10,Jos 10,Bibelstelle
Jos 7,Jos 7,Bibelstelle
Klag 3,Klag 3,Bibelstelle
Klgl 3,Klgl 3,Bibelstelle
Klgl 4,Klgl 4,Bibelstelle
Koh 7,Koh 7,Bibelstelle
Kol 3,Kol 3,Bibelstelle
Lev 19,Lev 19,Bibelstelle
Lev 20,Lev 20,Bibelstelle
Lev 23,Lev 23,Bibelstelle
Lev 26,Lev 26,Bibelstelle
Lk 1,Lk 1,Bibelstelle
Lk 10,Lk 10,Bibelstelle
Lk 12,Lk 12,Bibelstelle
Lk 13,Lk 13,Bibelstelle
Lk 15,Lk 15,Bibelstelle
Lk 16,Lk 16,Bibelstelle
Lk 18,Lk 18,Bibelstelle
Lk 19,Lk 19,Bibelstelle
Lk 2,Lk 2,Bibelstelle
Lk 21,Lk 21,Bibelstelle
Lk 22,Lk 22,Bibelstelle
Lk 23,Lk 23,Bibelstelle
Lk 3,Lk 3,Bibelstelle
Lk 7,Lk 7,Bibelstelle
Mal 3,Mal 3,Bibelstelle
Mi 6,Mi 6,Bibelstelle
Mi 7,Mi 7,Bibelstelle
Mic 6,Mic 6,Bibelstelle
Mk 13,Mk 13,Bibelstelle
Mk 16,Mk 16,Bibelstelle
Mk 3,Mk 3,Bibelstelle
Mt 10,Mt 10,Bibelstelle
Mt 11,Mt 11,Bibelstelle
Mt 13,Mt 13,Bibelstelle
Mt 16,Mt 16,Bibelstelle
Mt 22,Mt 22,Bibelstelle
Mt 23,Mt 23,Bibelstelle
Mt 24,Mt 24,Bibelstelle
Mt 25,Mt 25,Bibelstelle
Mt 26,Mt 26,Bibelstelle
Mt 28,Mt 28,Bibelstelle
Mt 6,Mt 6,Bibelstelle
Mt 7,Mt 7,Bibelstelle
Mt 8,Mt 8,Bibelstelle
Nah 1,Nah 1,Bibelstelle
Nebel,Nebel,Wetter
Neh 5,Neh 5,Bibelstelle
Num 23,Num 23,Bibelstelle
Num 26,Num 26,Bibelstelle
Offb 16,Offb 16,Bibelstelle
Phil 1,Phil 1,Bibelstelle
Phil 2,Phil 2,Bibelstelle
Platzregen,Platzregen,Wetter
Pred 1,Pred 1,Bibelstelle
Pred 11,Pred 11,Bibelstelle
Pred 12,Pred 12,Bibelstelle
Pred 3,Pred 3,Bibelstelle
Pred 7,Pred 7,Bibelstelle
Pred 8,Pred 8,Bibelstelle
Pred 9,Pred 9,Bibelstelle
Ps 104,Ps 104,Bibelstelle
Ps 105,Ps 105,Bibelstelle
Ps 11,Ps 11,Bibelstelle
Ps 112,Ps 112,Bibelstelle
Ps 116,Ps 116,Bibelstelle
Ps 121,Ps 121,Bibelstelle
Ps 144,Ps 144,Bibelstelle
Ps 146,Ps 146,Bibelstelle
Ps 147,Ps 147,Bibelstelle
Ps 148,Ps 148,Bibelstelle
Ps 18,Ps 18,Bibelstelle
Ps 19,Ps 19,Bibelstelle
Ps 2,Ps 2,Bibelstelle
Ps 29,Ps 29,Bibelstelle
Ps 31,Ps 31,Bibelstelle
Ps 32,Ps 32,Bibelstelle
Ps 39,Ps 39,Bibelstelle
Ps 4,Ps 4,Bibelstelle
Ps 45,Ps 45,Bibelstelle
Ps 5,Ps 5,Bibelstelle
Ps 50,Ps 50,Bibelstelle
Ps 68,Ps 68,Bibelstelle
Ps 73,Ps 73,Bibelstelle
Ps 76,Ps 76,Bibelstelle
Ps 77,Ps 77,Bibelstelle
Ps 78,Ps 78,Bibelstelle
Ps 90,Ps 90,Bibelstelle
Ps 91,Ps 91,Bibelstelle
Ps 95,Ps 95,Bibelstelle
Regen,Regen,Wetter
Regenmangel,Regenmangel,Wetter
Ri 15,Ri 15,Bibelstelle
Ri 16,Ri 16,Bibelstelle
Röm 10,Röm 10,Bibelstelle
Röm 11,Röm 11,Bibelstelle
Röm 14,Röm 14,Bibelstelle
Röm 4,Röm 4,Bibelstelle
Röm 6,Röm 6,Bibelstelle
Röm 8,Röm 8,Bibelstelle
Schlossen,Schlossen,Wetter
Schnee,Schnee,Wetter
Schwefel,Schwefel,Wetter
Sir 1,Sir 1,Bibelstelle
Sir 10,Sir 10,Bibelstelle
Sir 11,Sir 11,Bibelstelle
Sir 25,Sir 25,Bibelstelle
Sir 38,Sir 38,Bibelstelle
Sir 4,Sir 4,Bibelstelle
Sir 40,Sir 40,Bibelstelle
Sir 41,Sir 41,Bibelstelle
Spr 1,Spr 1,Bibelstelle
Spr 15,Spr 15,Bibelstelle
Spr 16,Spr 16,Bibelstelle
Spr 25,Spr 25,Bibelstelle
Spr 28,Spr 28,Bibelstelle
Spr 30,Spr 30,Bibelstelle
Spr 8,Spr 8,Bibelstelle
Staubregen,Staubregen,Wetter
Sturm,Sturm,Wetter
Sturmwind,Sturmwind,Wetter
Tau,Tau,Wetter
Taumangel,Taumangel,Wetter
Ungestüm,Ungestüm,Wetter
Ungewitter,Ungewitter,Wetter
Weish 2,Weish 2,Bibelstelle
Weish 3,Weish 3,Bibelstelle
Weish 5,Weish 5,Bibelstelle
Weish 9,Weish 9,Bibelstelle
Wetter,Wetter,Wetter
Wind,Wind,Wetter
Windsturm,Windsturm,Wetter
Windwirbel,Windwirbel,Wetter
Wirbelwind,Wirbelwind,Wetter
Wolken,Wolken,Wetter
Zeph 1,Zeph 1,Bibelstelle
